Meeting_No,Date,Repo_Rate,Policy_Action,Event_Note,Nifty_Decision_Date,Nifty_3M_Later,Return_3M_Pct
1,2016-10-04,6.25,Cut,First Official MPC Meeting (Urjit Patel),8769.15,8179.5,-6.72
2,2016-12-07,6.25,Hold,Post-Demonetization Policy Pause,8102.05,8946.9,10.43
3,2017-02-08,6.25,Hold,Stance Shifted from Accommodative to Neutral,8769.05,9316.85,6.25
4,2017-04-06,6.25,Hold,Liquidity Normalization Policy Pause,9261.95,9637.6,4.06
5,2017-06-06,6.25,Hold,Monsoon & Food Inflation Watch Hold,9637.15,9912.85,2.86
6,2017-08-02,6.0,Cut,Monetary Policy Easing Cut (25bps),10081.5,10335.3,2.52
7,2017-10-04,6.0,Hold,Growth-Inflation Balance Hold,9914.9,10442.2,5.32
8,2017-12-06,6.0,Hold,Fiscal Deficit & Crude Oil Pause,10044.1,10249.25,2.04
9,2018-02-07,6.0,Hold,Union Budget Inflation Caution Hold,10476.7,10717.8,2.3
10,2018-04-05,6.0,Hold,Growth Revival Policy Hold,10325.15,10769.9,4.31
11,2018-06-06,6.25,Hike,Crude & Core Inflation Tightening Hike,10684.65,11520.3,7.82
12,2018-08-01,6.5,Hike,Back-to-Back Policy Tightening Hike,11346.2,10198.4,-10.12
13,2018-10-05,6.5,Hold,Calibrated Tightening Stance Hold,10316.45,10672.25,3.45
14,2018-12-05,6.5,Hold,IL&FS Credit Freeze Review Hold,10782.9,10987.45,1.9
15,2019-02-07,6.25,Cut,Das First MPC Policy Easing Cut,11069.4,11359.45,2.62
16,2019-04-04,6.0,Cut,Growth Support Rate Cut,11598.0,11916.75,2.75
17,2019-06-06,5.75,Cut,Stance Changed to Accommodative,11843.75,10844.65,-8.44
18,2019-08-07,5.4,Cut,Unconventional 35bps Stimulus Cut,10855.5,11917.2,9.78
19,2019-10-04,5.15,Cut,Fifth Consecutive Policy Rate Cut,11174.75,12282.2,9.91
20,2019-12-05,5.15,Hold,Transmission Pause & Inflation Watch,12018.4,11251.0,-6.39
21,2020-02-06,5.15,Hold,Pre-Pandemic Policy Pause,12137.95,9270.9,-23.62
22,2020-03-27,4.4,Cut,Emergency Off-Cycle COVID Cut (75bps),8660.25,10288.9,18.81
23,2020-05-22,4.0,Cut,Emergency Off-Cycle Liquidity Cut (40bps),9039.25,11312.2,25.15
24,2020-08-06,4.0,Hold,Maximum Liquidity Accommodative Hold,11200.15,11908.5,6.32
25,2020-10-09,4.0,Hold,Economic Recovery Support Hold,11914.2,14137.35,18.66
26,2020-12-04,4.0,Hold,Post-Lockdown Recovery Pause,13258.55,15080.75,13.74
27,2021-02-05,4.0,Hold,Post-Budget Accommodative Hold,14924.25,14724.8,-1.34
28,2021-04-07,4.0,Hold,GSAP Bond Buying Support Hold,14819.05,15818.25,6.74
29,2021-06-04,4.0,Hold,Second Wave Pandemic Relief Hold,15670.25,17234.15,9.98
30,2021-08-06,4.0,Hold,Growth Revival Commitment Hold,16238.2,17916.8,10.34
31,2021-10-08,4.0,Hold,VrR Reverse Repo Liquidity Adjustment,17895.2,17745.9,-0.83
32,2021-12-08,4.0,Hold,Omicron Variant Caution Hold,17469.75,16013.45,-8.34
33,2022-02-10,4.0,Hold,Pre-Ukraine War Policy Hold,17605.85,16167.1,-8.17
34,2022-04-08,4.0,Hold,SDF Floor Rate Introduction Hold,17784.35,16132.9,-9.29
35,2022-05-04,4.4,Hike,Emergency Off-Cycle Rate Hike (40bps),16677.6,17345.45,4.0
36,2022-06-08,4.9,Hike,Inflation Control Hike (50bps),16356.25,17655.6,7.94
37,2022-08-05,5.4,Hike,Aggressive Tightening Hike (50bps),17397.5,18052.7,3.77
38,2022-09-30,5.9,Hike,Global Currency Defense Hike (50bps),17094.35,18191.0,6.42
39,2022-12-07,6.25,Hike,Moderated Tightening Hike (35bps),18560.5,17754.4,-4.34
40,2023-02-08,6.5,Hike,Terminal Rate Tightening Hike (25bps),17871.7,18265.95,2.21
41,2023-04-06,6.5,Hold,Hawkish Pause Introduction,17599.15,19398.5,10.22
42,2023-06-08,6.5,Hold,Withdrawal of Accommodation Hold,18634.55,19611.05,5.24
43,2023-08-10,6.5,Hold,Incremental CRR Action Hold,19543.1,19443.5,-0.51
44,2023-10-06,6.5,Hold,Festive Demand Inflation Watch,19653.5,21658.6,10.2
45,2023-12-08,6.5,Hold,Growth-Inflation Equilibrium Hold,20969.4,22493.55,7.27
46,2024-02-08,6.5,Hold,Disinflation Target Commitment Hold,21717.95,22302.5,2.69
47,2024-04-05,6.5,Hold,Monsoon Inflation Risk Hold,22513.7,24302.15,7.94
48,2024-06-07,6.5,Hold,Post-Election Policy Continuity Hold,23290.15,25145.1,7.96
49,2024-08-08,6.5,Hold,Food Price Inflation Caution Hold,24117.0,24484.05,1.52
50,2024-10-09,6.5,Hold,Stance Changed to Neutral Pause,24981.95,23707.9,-5.1
51,2024-12-06,6.5,Hold,Cash Reserve Ratio (CRR) Cut Hold,24677.8,22544.7,-8.64
52,2025-02-07,6.25,Cut,First Policy Rate Cut in 4 Years,23559.95,24334.2,3.29
53,2025-04-09,6.0,Cut,Second Consecutive Easing Rate Cut,22399.15,24334.2,8.64
